"ID","logFC","logCPM","LR","PValue","FDR","significance","chrom","start","end","chrom_clean"
"AC004231.1",-3.15656840812499,6.19895200087572,26.1954311394926,3.08551692929467e-07,0.00123081270309564,"Down-regulated","chr17",40921430,40975926,"17"
"AC007161.3",-3.46293315566753,6.9531165336127,24.7097595375029,6.66458354801709e-07,0.00212680190184321,"Down-regulated","chr7",7640752,8004053,"7"
"AC009230.1",-5.89086111819888,4.25444578203482,20.2184435682289,6.90836597609566e-06,0.00932175768545533,"Down-regulated","chr2",149170561,149184570,"2"
"AC010624.1",-2.77064902698353,6.32062188948331,20.5824802254198,5.71164311173158e-06,0.0091134977490789,"Down-regulated","chr19",50050589,50066793,"19"
"AC011676.4",-3.44782421170609,6.68982367916409,30.1815448943722,3.93435513261757e-08,0.00020925523498682,"Down-regulated","chr8",141326130,141327137,"8"
"AC012511.2",-3.09056439140554,11.342810393779,16.22748770269,5.61731203248633e-05,0.028912848642049,"Down-regulated","chr2",85934535,85937548,"2"
"AC020656.1",3.51159566936532,10.2958654862279,22.0912540062302,2.5999159326255e-06,0.00518553232762156,"Up-regulated","chr12",69353493,69354225,"12"
"AC022405.1",3.48948428738766,4.90524586521225,17.7049008530473,2.57961134154379e-05,0.02073490310933,"Up-regulated","chr15",40642933,40646857,"15"
"AC022523.1",5.43773946567028,4.22245525789438,17.2488699837374,3.27892507832386e-05,0.022498489223803,"Up-regulated","chr15",98038571,98293199,"15"
"AC037459.3",-2.58397445043498,5.47935299506187,16.9016469487721,3.93674108311466e-05,0.0238110183241777,"Down-regulated","chr8",22565997,22567171,"8"
"AC064843.1",2.42025635478535,6.85212478867551,17.1888997930667,3.38407960247727e-05,0.022498489223803,"Up-regulated","chr2",158847619,158870393,"2"
"AC068025.2",5.29105197249382,4.16188364842711,15.4399558859015,8.51683770750419e-05,0.0399690183708638,"Up-regulated","chr17",29352069,29404105,"17"
"AC090286.1",-4.87970232148618,9.26155043969875,36.5589508332292,1.48118255553927e-09,2.36337488561845e-05,"Down-regulated","chr17",18951625,18954149,"17"
"AC099487.1",5.36315642430281,4.14734447156347,16.2954650174198,5.41934946772931e-05,0.0288237133690296,"Up-regulated","chr5",102605635,102606197,"5"
"AC099791.2",3.41439021608674,7.49078624416744,23.3837966507594,1.32691542695685e-06,0.00302460893607478,"Up-regulated","chr1",61741998,61742424,"1"
"AC104078.1",-3.51840720566448,7.62949819303468,30.594126250007,3.18055175629036e-08,0.00020925523498682,"Down-regulated","chr4",36244116,36274220,"4"
"AC110285.3",2.62140940662142,7.33339773783554,18.3840098169445,1.8056693951734e-05,0.0160062560385482,"Up-regulated","chr17",81362272,81374214,"17"
"AL031686.1",-2.47716416110072,7.58888044460926,17.6766831409699,2.61816411239312e-05,0.02073490310933,"Down-regulated","chr20",46455033,46496731,"20"
"AL031722.1",5.36768066749184,4.18135228719774,16.3993240255183,5.13035224985689e-05,0.0282275518961091,"Up-regulated","chr16",1841020,1843547,"16"
"AL109914.1",4.86210509622802,3.87204455259851,19.1156958829556,1.23028931543886e-05,0.012269060198214,"Up-regulated","chr6",14597514,14599690,"6"
"AL133304.1",3.32596706717229,4.10303846135884,18.8689236481807,1.40015144031265e-05,0.0131416566950757,"Up-regulated","chr14",35947556,35950044,"14"
"AL158801.2",-2.60029854729001,7.05268044244524,19.6924013229103,9.09623437718618e-06,0.00967596771482552,"Down-regulated","chr14",55262222,55272075,"14"
"AL355574.1",-2.67806415879195,6.34112298810384,20.1360389603462,7.21247715822818e-06,0.00932175768545533,"Down-regulated","chr9",135907812,135916126,"9"
"AL590644.1",2.76899893680978,6.06143127369591,17.5093972468221,2.85891118328691e-05,0.02073490310933,"Up-regulated","chr1",17193232,17201733,"1"
"AP000759.1",-2.67367823618886,5.53362076573162,16.598625207927,4.61844876550209e-05,0.0263185601794112,"Down-regulated","chr11",66244840,66246239,"11"
"ASH1L-IT1",4.116729374025,4.48679602115562,17.574013427125,2.76338910735515e-05,0.02073490310933,"Up-regulated","chr1",155396010,155396978,"1"
"C9orf135-DT",-2.6102966589997,7.81011823363886,16.8867982706424,3.96765799093981e-05,0.0238110183241777,"Down-regulated","chr9",69818394,69820773,"9"
"C9orf139",-3.09696178557377,7.97852148144666,19.9532000640443,7.93610183100237e-06,0.00932175768545533,"Down-regulated","chr9",137027464,137037957,"9"
"DLX2-DT",-3.2488646737353,11.4360406053986,23.4263953885586,1.29785456347883e-06,0.00302460893607478,"Down-regulated","chr2",172103006,172109982,"2"
"ELAVL4-AS1",2.42001946163496,7.84400928684985,15.9508433663625,6.50088087085408e-05,0.0324150172422961,"Up-regulated","chr1",50174306,50175868,"1"
"FBXL19-AS1",-3.4919418166717,10.1631915092258,19.8955542716837,8.17903030812074e-06,0.00932175768545533,"Down-regulated","chr16",30919319,30923269,"16"
"LINC01591",4.41483707887978,5.40187865980095,21.1948773770984,4.14871890140356e-06,0.00735521764342169,"Up-regulated","chr8",135234131,135299719,"8"
"LINC02338",-2.38556874972322,6.13533315430391,16.857589046442,4.02918961364251e-05,0.0238110183241777,"Down-regulated","chr13",58165827,58209483,"13"
"LINC02375",-3.9607308417859,4.76431332516443,15.4984702921157,8.25720494073012e-05,0.0399248369800878,"Down-regulated","chr12",127324152,127340109,"12"
